codigo_unidade_gestora;descricao_unidade_gestora;numero_licitacao;numero_protocolo_tce;ano_licitacao;modalidade
201078;Prefeitura Municipal de Esperança;00002/2021;Doc. 11357/26;2026;Inexigibilidade (Lei Nº 14.133/2021)
201078;Prefeitura Municipal de Esperança;00001/2026;Doc. 13171/26;2026;Adesão a Ata de Registro de Preços (Lei Nº 14.133/2021)
201078;Prefeitura Municipal de Esperança;00031/2026;Doc. 110021/26;2026;Dispensa (Lei Nº 14.133/2021)
201078;Prefeitura Municipal de Esperança;00030/2026;Doc. 79035/26;2026;Inexigibilidade (Lei Nº 14.133/2021)
201078;Prefeitura Municipal de Esperança;00003/2026;Doc. 81582/26;2026;Adesão a Ata de Registro de Preços (Lei Nº 14.133/2021)
201078;Prefeitura Municipal de Esperança;00010/2026;Doc. 81739/26;2026;Dispensa (Lei Nº 14.133/2021)
201078;Prefeitura Municipal de Esperança;00026/2026;Doc. 80931/26;2026;Dispensa (Lei Nº 14.133/2021)
201078;Prefeitura Municipal de Esperança;00026/2026;Doc. 55550/26;2026;Pregão (Lei Nº 14.133/2021)
201078;Prefeitura Municipal de Esperança;00017/2026;Doc. 66723/26;2026;Inexigibilidade (Lei Nº 14.133/2021)
201078;Prefeitura Municipal de Esperança;00021/2026;Doc. 65285/26;2026;Dispensa (Lei Nº 14.133/2021)
201078;Prefeitura Municipal de Esperança;00019/2026;Doc. 65196/26;2026;Dispensa (Lei Nº 14.133/2021)
201078;Prefeitura Municipal de Esperança;00020/2026;Doc. 65246/26;2026;Dispensa (Lei Nº 14.133/2021)
201078;Prefeitura Municipal de Esperança;00018/2026;Doc. 66905/26;2026;Dispensa (Lei Nº 14.133/2021)
201078;Prefeitura Municipal de Esperança;00012/2026;Doc. 25152/26;2026;Pregão (Lei Nº 14.133/2021)
201078;Prefeitura Municipal de Esperança;00049/2025;Doc. 154056/25;2026;Pregão (Lei Nº 14.133/2021)
201078;Prefeitura Municipal de Esperança;00011/2026;Doc. 20531/26;2026;Pregão (Lei Nº 14.133/2021)
201078;Prefeitura Municipal de Esperança;00010/2026;Doc. 16283/26;2026;Pregão (Lei Nº 14.133/2021)
201078;Prefeitura Municipal de Esperança;90008/2026;Doc. 24896/26;2026;Pregão (Lei Nº 14.133/2021)
201078;Prefeitura Municipal de Esperança;00014/2026;Doc. 39094/26;2026;Inexigibilidade (Lei Nº 14.133/2021)
201078;Prefeitura Municipal de Esperança;00003/2026;Doc. 99459/26;2026;Credenciamento (Lei Nº 14.133/2021)
301078;Autarquia Municipal de Proteção e Defesa do Consumidor - PROCON;00002/2026;Doc. 103453/26;2026;Inexigibilidade (Lei Nº 14.133/2021)
201078;Prefeitura Municipal de Esperança;90004/2026;Doc. 68748/26;2026;Concorrência (Lei Nº 14.133/2021)
201078;Prefeitura Municipal de Esperança;00008/2026;Doc. 92186/26;2026;Adesão a Ata de Registro de Preços (Lei Nº 14.133/2021)
201078;Prefeitura Municipal de Esperança;00030/2026;Doc. 93310/26;2026;Dispensa (Lei Nº 14.133/2021)
201078;Prefeitura Municipal de Esperança;00023/2026;Doc. 93456/26;2026;Dispensa (Lei Nº 14.133/2021)
201078;Prefeitura Municipal de Esperança;00024/2026;Doc. 93328/26;2026;Dispensa (Lei Nº 14.133/2021)
201078;Prefeitura Municipal de Esperança;00014/2026;Doc. 22801/26;2026;Pregão (Lei Nº 14.133/2021)
201078;Prefeitura Municipal de Esperança;00015/2026;Doc. 22997/26;2026;Pregão (Lei Nº 14.133/2021)
201078;Prefeitura Municipal de Esperança;00001/2026;Doc. 24099/26;2026;Credenciamento (Lei Nº 14.133/2021)
201078;Prefeitura Municipal de Esperança;00003/2026;Doc. 02896/26;2026;Pregão (Lei Nº 14.133/2021)
101078;Câmara Municipal de Esperança;00002/2026;Doc. 43190/26;2026;Dispensa (Lei Nº 14.133/2021)
201078;Prefeitura Municipal de Esperança;90013/2025;Doc. 26609/26;2026;Pregão (Lei Nº 14.133/2021)
201078;Prefeitura Municipal de Esperança;00024/2026;Doc. 41756/26;2026;Pregão (Lei Nº 14.133/2021)
201078;Prefeitura Municipal de Esperança;00016/2026;Doc. 35501/26;2026;Pregão (Lei Nº 14.133/2021)
201078;Prefeitura Municipal de Esperança;00001/2026;Doc. 00660/26;2026;Pregão (Lei Nº 14.133/2021)
201078;Prefeitura Municipal de Esperança;00004/2026;Doc. 09500/26;2026;Pregão (Lei Nº 14.133/2021)
201078;Prefeitura Municipal de Esperança;00003/2026;Doc. 27834/26;2026;Inexigibilidade (Lei Nº 14.133/2021)
201078;Prefeitura Municipal de Esperança;00011/2026;Doc. 28754/26;2026;Inexigibilidade (Lei Nº 14.133/2021)
201078;Prefeitura Municipal de Esperança;00013/2026;Doc. 27910/26;2026;Inexigibilidade (Lei Nº 14.133/2021)
201078;Prefeitura Municipal de Esperança;00012/2026;Doc. 27951/26;2026;Inexigibilidade (Lei Nº 14.133/2021)
201078;Prefeitura Municipal de Esperança;00006/2026;Doc. 29516/26;2026;Adesão a Ata de Registro de Preços (Lei Nº 14.133/2021)
201078;Prefeitura Municipal de Esperança;00032/2026;Doc. 104240/26;2026;Dispensa (Lei Nº 14.133/2021)
201078;Prefeitura Municipal de Esperança;00028/2026;Doc. 62251/26;2026;Pregão (Lei Nº 14.133/2021)
201078;Prefeitura Municipal de Esperança;90005/2026;Doc. 96607/26;2026;Concorrência (Lei Nº 14.133/2021)
201078;Prefeitura Municipal de Esperança;00133/2026;Doc. 55803/26;2026;Inexigibilidade (Lei Nº 14.133/2021)
201078;Prefeitura Municipal de Esperança;00008/2026;Doc. 14698/26;2026;Pregão (Lei Nº 14.133/2021)
201078;Prefeitura Municipal de Esperança;00007/2026;Doc. 08728/26;2026;Pregão (Lei Nº 14.133/2021)
201078;Prefeitura Municipal de Esperança;00009/2026;Doc. 16903/26;2026;Pregão (Lei Nº 14.133/2021)
301078;Autarquia Municipal de Proteção e Defesa do Consumidor - PROCON;00004/2026;Doc. 91987/26;2026;Dispensa (Lei Nº 14.133/2021)
201078;Prefeitura Municipal de Esperança;00030/2026;Doc. 75193/26;2026;Pregão (Lei Nº 14.133/2021)
201078;Prefeitura Municipal de Esperança;00011/2026;Doc. 107574/26;2026;Adesão a Ata de Registro de Preços (Lei Nº 14.133/2021)
201078;Prefeitura Municipal de Esperança;00026/2026;Doc. 108197/26;2026;Inexigibilidade (Lei Nº 14.133/2021)
201078;Prefeitura Municipal de Esperança;00025/2026;Doc. 108124/26;2026;Inexigibilidade (Lei Nº 14.133/2021)
201078;Prefeitura Municipal de Esperança;00020/2026;Doc. 38910/26;2026;Pregão (Lei Nº 14.133/2021)
201078;Prefeitura Municipal de Esperança;00019/2026;Doc. 74022/26;2026;Inexigibilidade (Lei Nº 14.133/2021)
201078;Prefeitura Municipal de Esperança;00009/2026;Doc. 72797/26;2026;Adesão a Ata de Registro de Preços (Lei Nº 14.133/2021)
201078;Prefeitura Municipal de Esperança;00016/2026;Doc. 74113/26;2026;Dispensa (Lei Nº 14.133/2021)
201078;Prefeitura Municipal de Esperança;00020/2026;Doc. 75226/26;2026;Inexigibilidade (Lei Nº 14.133/2021)
201078;Prefeitura Municipal de Esperança;00014/2026;Doc. 54095/26;2026;Dispensa (Lei Nº 14.133/2021)
201078;Prefeitura Municipal de Esperança;00013/2026;Doc. 53685/26;2026;Dispensa (Lei Nº 14.133/2021)
201078;Prefeitura Municipal de Esperança;00006/2026;Doc. 11701/26;2026;Pregão (Lei Nº 14.133/2021)
201078;Prefeitura Municipal de Esperança;00006/2026;Doc. 26061/26;2026;Dispensa (Lei Nº 14.133/2021)
201078;Prefeitura Municipal de Esperança;00015/2026;Doc. 70741/26;2026;Dispensa (Lei Nº 14.133/2021)
201078;Prefeitura Municipal de Esperança;00022/2026;Doc. 71702/26;2026;Dispensa (Lei Nº 14.133/2021)
201078;Prefeitura Municipal de Esperança;00008/2026;Doc. 71529/26;2026;Dispensa (Lei Nº 14.133/2021)
301078;Autarquia Municipal de Proteção e Defesa do Consumidor - PROCON;00003/2026;Doc. 71606/26;2026;Dispensa (Lei Nº 14.133/2021)
201078;Prefeitura Municipal de Esperança;00018/2026;Doc. 74486/26;2026;Inexigibilidade (Lei Nº 14.133/2021)
201078;Prefeitura Municipal de Esperança;00009/2026;Doc. 74963/26;2026;Dispensa (Lei Nº 14.133/2021)
201078;Prefeitura Municipal de Esperança;00016/2026;Doc. 76598/26;2026;Inexigibilidade (Lei Nº 14.133/2021)
201078;Prefeitura Municipal de Esperança;00015/2026;Doc. 76405/26;2026;Inexigibilidade (Lei Nº 14.133/2021)
201078;Prefeitura Municipal de Esperança;00017/2026;Doc. 68469/26;2026;Dispensa (Lei Nº 14.133/2021)
201078;Prefeitura Municipal de Esperança;00025/2026;Doc. 52789/26;2026;Pregão (Lei Nº 14.133/2021)
201078;Prefeitura Municipal de Esperança;10006/2026;Doc. 62611/26;2026;Dispensa (Lei Nº 14.133/2021)
201078;Prefeitura Municipal de Esperança;00010/2026;Doc. 96120/26;2026;Adesão a Ata de Registro de Preços (Lei Nº 14.133/2021)
201078;Prefeitura Municipal de Esperança;00027/2026;Doc. 96096/26;2026;Dispensa (Lei Nº 14.133/2021)
201078;Prefeitura Municipal de Esperança;00019/2026;Doc. 37248/26;2026;Pregão (Lei Nº 14.133/2021)
201078;Prefeitura Municipal de Esperança;90007/2025;Doc. 04930/26;2026;Concorrência (Lei Nº 14.133/2021)
201078;Prefeitura Municipal de Esperança;00032/2026;Doc. 85845/26;2026;Pregão (Lei Nº 14.133/2021)
201078;Prefeitura Municipal de Esperança;00033/2026;Doc. 86265/26;2026;Pregão (Lei Nº 14.133/2021)
201078;Prefeitura Municipal de Esperança;00028/2026;Doc. 111668/26;2026;Inexigibilidade (Lei Nº 14.133/2021)
101078;Câmara Municipal de Esperança;00001/2026;Doc. 30542/26;2026;Dispensa (Lei Nº 14.133/2021)
201078;Prefeitura Municipal de Esperança;00010/2026;Doc. 32424/26;2026;Inexigibilidade (Lei Nº 14.133/2021)
201078;Prefeitura Municipal de Esperança;00042/2025;Doc. 135425/25;2026;Pregão (Lei Nº 14.133/2021)
201078;Prefeitura Municipal de Esperança;00002/2026;Doc. 32212/26;2026;Adesão a Ata de Registro de Preços (Lei Nº 14.133/2021)
201078;Prefeitura Municipal de Esperança;00038/2026;Doc. 32512/26;2026;Dispensa (Lei Nº 14.133/2021)
201078;Prefeitura Municipal de Esperança;00002/2026;Doc. 02838/26;2026;Pregão (Lei Nº 14.133/2021)
201078;Prefeitura Municipal de Esperança;00025/2026;Doc. 86516/26;2026;Dispensa (Lei Nº 14.133/2021)
201078;Prefeitura Municipal de Esperança;00027/2026;Doc. 56692/26;2026;Pregão (Lei Nº 14.133/2021)
201078;Prefeitura Municipal de Esperança;00056/2025;Doc. 153777/25;2026;Pregão (Lei Nº 14.133/2021)
201078;Prefeitura Municipal de Esperança;00006/2026;Doc. 13999/26;2026;Inexigibilidade (Lei Nº 14.133/2021)
201078;Prefeitura Municipal de Esperança;00001/2026;Doc. 13653/26;2026;Dispensa (Lei Nº 14.133/2021)
201078;Prefeitura Municipal de Esperança;00004/2026;Doc. 43861/26;2026;Dispensa (Lei Nº 14.133/2021)
201078;Prefeitura Municipal de Esperança;00001/2026;Doc. 05156/26;2026;Inexigibilidade (Lei Nº 14.133/2021)
201078;Prefeitura Municipal de Esperança;00036/2026;Doc. 116479/26;2026;Dispensa (Lei Nº 14.133/2021)
201078;Prefeitura Municipal de Esperança;00035/2026;Doc. 116434/26;2026;Dispensa (Lei Nº 14.133/2021)
201078;Prefeitura Municipal de Esperança;00047/2025;Doc. 145964/25;2026;Pregão (Lei Nº 14.133/2021)
201078;Prefeitura Municipal de Esperança;00021/2026;Doc. 74417/26;2026;Inexigibilidade (Lei Nº 14.133/2021)
201078;Prefeitura Municipal de Esperança;00029/2026;Doc. 111674/26;2026;Inexigibilidade (Lei Nº 14.133/2021)
201078;Prefeitura Municipal de Esperança;00027/2026;Doc. 112004/26;2026;Inexigibilidade (Lei Nº 14.133/2021)
201078;Prefeitura Municipal de Esperança;00023/2026;Doc. 41744/26;2026;Pregão (Lei Nº 14.133/2021)
201078;Prefeitura Municipal de Esperança;00006/2026;Doc. 91725/26;2026;Concorrência (Lei Nº 14.133/2021)
201078;Prefeitura Municipal de Esperança;90003/2026;Doc. 21496/26;2026;Concorrência (Lei Nº 14.133/2021)
201078;Prefeitura Municipal de Esperança;00038/2026;Doc. 97332/26;2026;Pregão (Lei Nº 14.133/2021)
201078;Prefeitura Municipal de Esperança;00036/2026;Doc. 108757/26;2026;Pregão (Lei Nº 14.133/2021)
601078;Fundo de Previdência Social dos Serv. do Mun. de Esperança;00002/2026;Doc. 64592/26;2026;Dispensa (Lei Nº 14.133/2021)
201078;Prefeitura Municipal de Esperança;00007/2026;Doc. 16878/26;2026;Inexigibilidade (Lei Nº 14.133/2021)
301078;Autarquia Municipal de Proteção e Defesa do Consumidor - PROCON;00001/2026;Doc. 19308/26;2026;Dispensa (Lei Nº 14.133/2021)
201078;Prefeitura Municipal de Esperança;00008/2026;Doc. 16940/26;2026;Inexigibilidade (Lei Nº 14.133/2021)
201078;Prefeitura Municipal de Esperança;00009/2026;Doc. 16832/26;2026;Inexigibilidade (Lei Nº 14.133/2021)
201078;Prefeitura Municipal de Esperança;00004/2026;Doc. 19323/26;2026;Adesão a Ata de Registro de Preços (Lei Nº 14.133/2021)
201078;Prefeitura Municipal de Esperança;00005/2026;Doc. 17833/26;2026;Inexigibilidade (Lei Nº 14.133/2021)
601078;Fundo de Previdência Social dos Serv. do Mun. de Esperança;00001/2026;Doc. 39480/26;2026;Dispensa (Lei Nº 14.133/2021)
201078;Prefeitura Municipal de Esperança;00002/2026;Doc. 23488/26;2026;Dispensa (Lei Nº 14.133/2021)
201078;Prefeitura Municipal de Esperança;00018/2026;Doc. 33160/26;2026;Pregão (Lei Nº 14.133/2021)
101078;Câmara Municipal de Esperança;00003/2026;Doc. 47626/26;2026;Dispensa (Lei Nº 14.133/2021)
201078;Prefeitura Municipal de Esperança;00004/2026;Doc. 09164/26;2026;Inexigibilidade (Lei Nº 14.133/2021)
201078;Prefeitura Municipal de Esperança;00007/2026;Doc. 65024/26;2026;Dispensa (Lei Nº 14.133/2021)
201078;Prefeitura Municipal de Esperança;00005/2026;Doc. 21583/26;2026;Adesão a Ata de Registro de Preços (Lei Nº 14.133/2021)
201078;Prefeitura Municipal de Esperança;00055/2025;Doc. 157624/25;2026;Pregão (Lei Nº 14.133/2021)
601078;Fundo de Previdência Social dos Serv. do Mun. de Esperança;00001/2026;Doc. 52248/26;2026;Inexigibilidade (Lei Nº 14.133/2021)
301078;Autarquia Municipal de Proteção e Defesa do Consumidor - PROCON;00002/2026;Doc. 53691/26;2026;Dispensa (Lei Nº 14.133/2021)
201078;Prefeitura Municipal de Esperança;00012/2026;Doc. 49618/26;2026;Dispensa (Lei Nº 14.133/2021)
201078;Prefeitura Municipal de Esperança;00005/2026;Doc. 48778/26;2026;Dispensa (Lei Nº 14.133/2021)
201078;Prefeitura Municipal de Esperança;00022/2026;Doc. 40290/26;2026;Pregão (Lei Nº 14.133/2021)
201078;Prefeitura Municipal de Esperança;00004/2026;Doc. 88716/26;2026;Credenciamento (Lei Nº 14.133/2021)
301078;Autarquia Municipal de Proteção e Defesa do Consumidor - PROCON;00001/2026;Doc. 99759/26;2026;Inexigibilidade (Lei Nº 14.133/2021)
201078;Prefeitura Municipal de Esperança;00007/2026;Doc. 77260/26;2026;Adesão a Ata de Registro de Preços (Lei Nº 14.133/2021)
201078;Prefeitura Municipal de Esperança;00023/2026;Doc. 77169/26;2026;Inexigibilidade (Lei Nº 14.133/2021)
201078;Prefeitura Municipal de Esperança;00022/2026;Doc. 76972/26;2026;Inexigibilidade (Lei Nº 14.133/2021)
201078;Prefeitura Municipal de Esperança;00005/2025;Doc. 96422/26;2026;Credenciamento (Lei Nº 14.133/2021)
