natureza;descricao;tipo_atualizacao;valor_2025
11125001;Imposto sobre a Propriedade Predial e Territorial Urbana - Principal;Lançamento de Receita;925694.13
11125301;"Impostos sobre Transmissão ""Inter Vivos"" de Bens Imóveis e de Direitos Reais sobre Imóveis - Principal";Lançamento de Receita;682221.31
11130101;Imposto sobre a Renda de Pessoa Física - IRPF - Principal;Lançamento de Receita;4934301.80
11145111;Imposto sobre Serviços de Qualquer Natureza - ISSQN - Principal;Lançamento de Receita;4049445.10
11210101;Taxas de Inspeção, Controle e Fiscalização - Principal;Lançamento de Receita;168577.20
11220101;Taxas pela Prestação de Serviços em Geral - Principal;Lançamento de Receita;233718.44
12150111;Contribuição do Servidor Civil Ativo - Principal;Lançamento de Receita;3673723.60
12415001;Contribuição para o Custeio do Serviço de Iluminação Pública - Principal;Lançamento de Receita;1415190.70
13210101;Remuneração de Depósitos Bancários - Principal;Dedução Investimento;-2249.15
13210101;Remuneração de Depósitos Bancários - Principal;Lançamento de Receita;1826632.22
13210401;Remuneração dos Recursos do Regime Próprio de Previdência Social - RPPS - Principal;Dedução Investimento;-1632.61
13210401;Remuneração dos Recursos do Regime Próprio de Previdência Social - RPPS - Principal;Lançamento de Receita;192210.17
17115111;Cota-Parte do Fundo de Participação dos Municípios - Cota Mensal - Principal;Dedução do Fundeb;-10073371.58
17115111;Cota-Parte do Fundo de Participação dos Municípios - Cota Mensal - Principal;Lançamento de Receita;48993277.11
17115121;Cota-Parte do Fundo de Participação dos Municípios - Cotas Extraordinárias - Principal;Lançamento de Receita;5997652.04
17115201;Cota-Parte do Imposto Sobre a Propriedade Territorial Rural - Principal;Dedução do Fundeb;-631.85
17115201;Cota-Parte do Imposto Sobre a Propriedade Territorial Rural - Principal;Lançamento de Receita;3159.68
17115201;Cota-Parte do Imposto Sobre a Propriedade Territorial Rural - Principal;Outras Deduções;0.00
17135011;Transferências de Recursos do Bloco de Manutenção das Ações e Serviços Públicos de Saúde – Atenção Primária - Principal;Lançamento de Receita;13646105.11
17135021;Transferências de Recursos do Bloco de Manutenção das Ações e Serviços Públicos de Saúde – Atenção Especializada - Principal;Lançamento de Receita;4664200.00
17135031;Transferências de Recursos do Bloco de Manutenção das Ações e Serviços Públicos de Saúde – Vigilância em Saúde - Principal;Lançamento de Receita;29357.64
17145001;Transferências do Salário-Educação - Principal;Lançamento de Receita;3330814.12
17145101;Transferências Diretas do FNDE referentes ao Programa Dinheiro Direto na Escola – PDDE - Principal;Lançamento de Receita;4980.00
17145201;Transferências referentes ao Programa Nacional de Alimentação Escolar – PNAE - Principal;Lançamento de Receita;1074616.00
17145301;Transferências referentes ao Programa Nacional de Apoio ao Transporte do Escolar – PNATE - Principal;Lançamento de Receita;151054.05
17149901;Outras Transferências Diretas do Fundo Nacional do Desenvolvimento da Educação - FNDE - Principal;Lançamento de Receita;69095.42
17155001;Transferências de Recursos de Complementação da União ao Fundeb – VAAT - Principal;Lançamento de Receita;18791243.31
17155101;Transferências de Recursos de Complementação da União ao Fundeb – VAAF - Principal;Lançamento de Receita;3748014.00
17155101;Transferências de Recursos de Complementação da União ao Fundeb – VAAF - Principal;Outras Deduções;0.00
17155201;Transferências de Recursos de Complementação da União ao Fundeb – VAAR - Principal;Lançamento de Receita;255806.84
17155201;Transferências de Recursos de Complementação da União ao Fundeb – VAAR - Principal;Outras Deduções;-4662.02
17155301;Transferências de Recursos do Fundeb destinados à criação de matrículas em ETI - Principal;Lançamento de Receita;259063.04
17165001;Transferências de Recursos do Fundo Nacional de Assistência Social – FNAS - Principal;Lançamento de Receita;831586.27
17195701;Transferência Especial da União - Principal;Lançamento de Receita;445500.00
17199901;Outras Transferências de Recursos da União e de suas Entidades - Principal;Lançamento de Receita;1119011.80
17215001;Cota-Parte do ICMS - Principal;Dedução Investimento;-11593.41
17215001;Cota-Parte do ICMS - Principal;Dedução do Fundeb;-2964779.47
17215001;Cota-Parte do ICMS - Principal;Lançamento de Receita;14542082.55
17215101;Cota-Parte do IPVA - Principal;Lançamento de Receita;1735222.53
17215201;Cota-Parte do IPI - Municípios - Principal;Lançamento de Receita;3920.17
17215301;Cota-Parte da Contribuição de Intervenção no Domínio Econômico - Principal;Lançamento de Receita;33260.63
17235001;Transferências de Recursos do Sistema Único de Saúde – SUS - Principal;Lançamento de Receita;11940963.96
17245101;Transferências de Convênios dos Estados Destinadas a Programas de Educação - Principal;Lançamento de Receita;124958.80
17249901;Outras Transferências de Convênios dos Estados e DF e de Suas Entidades - Principal;Lançamento de Receita;41454.95
17419901;Outras Transferências de Instituições Privadas - Principal;Lançamento de Receita;36505.90
17515001;Transferências de Recursos do Fundo de Manutenção e Desenvolvimento da Educação Básica e de Valorização dos Profissionais da Educação – FUNDEB - Principal;Lançamento de Receita;43998626.89
19110101;Multas Previstas em Legislação Específica - Principal;Lançamento de Receita;46167.37
19110401;Multas Previstas na Legislação sobre Defesa dos Direitos Difusos - Principal;Lançamento de Receita;65497.16
19221201;Restituição de Depósitos de Setenças Judiciais não Sacados - Principal;Lançamento de Receita;377.78
19229901;Outras Restituições - Principal;Lançamento de Receita;144759.03
24149901;Outras Transferências de Convênios da União e de Suas Entidades - Principal;Lançamento de Receita;4052203.83
24229901;Outras Transferências de Convênios dos Estados e DF e de Suas Entidades - Principal;Lançamento de Receita;78714.58
24299901;Outras Transferências de Recursos dos Estados - Principal;Lançamento de Receita;1100000.00
72150211;Contribuição Patronal - Servidor Civil Ativo - Principal;Lançamento de Receita;21905216.73
72150211;Contribuição Patronal - Servidor Civil Ativo - Principal;Outras Deduções;-9947.09
