codigo_unidade_gestora;codigo_unidade_orcamentaria;descricao_unidade_orcamentaria;empenhos_2026
101078;01001;CAMARA MUNICIPAL;544
201078;02002;GABINETE DO PREFEITO;80
201078;02003;PROCURADORIA JURIDICA;90
201078;02004;SECRETARIA DE ADMINISTRACAO;273
201078;02005;SECRETARIA DE FINANCAS;872
201078;02006;SECRETARIA DE PLANEJAMENTO E COORDENACAO;33
201078;02007;SECRETARIA DE EDUCACAO E CULTURA;1923
201078;02008;SECRETARIA DE ESPORTE E LASER;45
201078;02009;SECRETARIA DE ASSISTENCIA E SERVICO SOCIAL;54
201078;02011;SEC DE OBRAS, URBANISMO E TRANSPORTE;638
201078;02012;SEC DE AGRIC, REC HIDRICOS E MEIO AMBIENTE;391
201078;02013;SEC DE COMUNICACAO, EVENTOS E TURISMO;135
201078;02016;FUNDO MUNICIPAL DE SAUDE;2602
201078;02017;FUNDO MUNIC DE ASSIST E SERVICO SOCIAL;595
301078;02015;PROCON MUNICIPAL;365
601078;02018;FUNDO DE PREV. SOCIAL DOS SERVIDORES DE ESPERANCA;205
701078;01000;CONSORCIO IRMA LUCIANA;341
