subitem;estab_prestador;estab_tomador;local_prestacao;retencao_fonte
1.01;x;;;
1.02;x;;;
1.03;x;;;
1.04;x;;;
1.05;x;;;
1.06;x;;;
1.07;x;;;
1.08;x;;;
1.09;x;;;
2.1;x;;;
3.2;x;;;
3.03;x;;;
3.04;x;;;
3.05;;;x;x
4.01;x;;;
4.02;x;;;
4.03;x;;;
4.04;x;;;
4.05;x;;;
4.06;x;;;
4.07;x;;;
4.08;x;;;
4.09;x;;;
4.10;x;;;
4.11;x;;;
4.12;x;;;
4.13;x;;;
4.14;x;;;
4.15;x;;;
4.16;x;;;
4.17;x;;;
4.18;x;;;
4.19;x;;;
4.20;x;;;
4.21;x;;;
4.22;;x;;
4.23;;x;;
5.01;x;;;
5.02;x;;;
5.03;x;;;
5.04;x;;;
5.05;x;;;
5.06;x;;;
5.07;x;;;
5.08;x;;;
5.09;;x;;
6.01;x;;;
6.02;x;;;
6.03;x;;;
6.04;x;;;
6.05;x;;;
6.06;x;;;
7.01;x;;;
7.02;;;x;x
7.03;x;;;
7.04;;;x;x
7.05;;;x;x
7.06;x;;;
7.07;x;;;
7.08;x;;;
7.09;;;x;x
7.10;;;x;x
7.11;;;x;
7.12;;;x;x
7.13;x;;;
7.16;;;x;x
7.17;;;x;x
7.18;;;x;
7.19;;;x;x
7.20;x;;;
7.21;x;;;
7.22;x;;;
8.01;x;;;
8.02;x;;;
9.01;x;;;
9.02;x;;;
9.03;x;;;
10.01;x;;;
10.02;x;;;
10.03;x;;;
10.04;;x;;
10.05;x;;;
10.06;x;;;
10.07;x;;;
10.08;x;;;
10.09;x;;;
10.10;x;;;
11.01;;;x;
11.02;;;x;x
11.03;x;;;
11.04;;;x;
11.05;x;;;
12.01;;;x;
12.02;;;x;
12.03;;;x;
12.04;;;x;
12.05;;;x;
12.06;;;x;
12.07;;;x;
12.08;;;x;
12.09;;;x;
12.10;;;x;
12.11;;;x;
12.12;;;x;
12.13;x;;;
12.14;;;x;
12.15;;;x;
12.16;;;x;
12.17;;;x;
13.02;x;;;
13.03;x;;;
13.04;x;;;
13.05;x;;;
14.01;x;;;
14.02;x;;;
14.03;x;;;
14.04;x;;;
14.05;x;;;
14.06;x;;;
14.07;x;;;
14.08;x;;;
14.09;x;;;
14.10;x;;;
14.11;x;;;
14.12;x;;;
14.13;x;;;
14.14;x;;;
15.01;;x;;
15.02;x;;;
15.03;x;;;
15.04;x;;;
15.05;x;;;
15.06;x;;;
15.07;x;;;
15.08;x;;;
15.09;;x;;
15.10;x;;;
15.11;x;;;
15.12;x;;;
15.13;x;;;
15.14;x;;;
15.15;x;;;
15.16;x;;;
15.17;x;;;
15.18;x;;;
16.01;;;x;
16.02;;;x;
17.01;x;;;
17.02;x;;;
17.03;x;;;
17.04;x;;;
17.05;;x;;x
17.06;x;;;
17.08;x;;;
17.09;x;;;
17.10;;;x;x
17.11;x;;;
17.12;x;;;
17.13;x;;;
17.14;x;;;
17.15;x;;;
17.16;x;;;
17.17;x;;;
17.18;x;;;
17.19;x;;;
17.20;x;;;
17.21;x;;;
17.22;x;;;
17.23;x;;;
17.24;x;;;
17.25;x;;;
18.01;x;;;
19.01;x;;;
20.01;;;x;
20.02;;;x;
20.03;;;x;
21.01;x;;;
22.01;x;;;
23.01;x;;;
24.01;x;;;
25.01;x;;;
25.02;x;;;
25.03;x;;;
25.04;x;;;
25.05;x;;;
26.01;x;;;
27.01;x;;;
28.01;x;;;
29.01;x;;;
30.01;x;;;
31.01;x;;;
32.01;x;;;
33.01;x;;;
34.01;x;;;
35.01;x;;;
36.01;x;;;
37.01;x;;;
38.01;x;;;
39.01;x;;;
40.01;x;;;
SEM_CODIGO_p8_y716;x;;;
SEM_CODIGO_p10_y322;x;;;
