programa;descricao
1001;AÇAO DO PODER LEGISLATIVO
1002;MANUTENÇÃO DO EQUILIBRIO FISCAL
1003;GARANTIR O ACESSO A EDUCAÇÃO (EDUCAÇÃO DE QUALIDAD
1004;EDUCAÇÃO PARA JOVENS E DULTOS
1005;ASSISTENCIA AO IDOSO A CRIANÇA E AO ADOLESCENTES
1006;SERVIÇOS DE PROTEÇÃO SOCIAL E POSSIB DE GERAÇÃO DE
1007;APERFEIÇOAMENTO DAS AÇOES DE SAUDE
1008;DESENVOLVIMENTO DA CULTURA
1009;DESENVOLVIMENTO DO ESPORTE
1011;PROGR.DE MORADIAS POPULARES (HABITAÇÃO PARA TODOS)
1013;GARANTIA DE QUALIDADE AO MEIO AMBIENTE
1015;DESNVOLVIMENTO ARTÍSTICO E CULTURAL
1016;AÇÃO DESPORTIVA E DE LAZER
1017;SAÚDE PARA TODOS
1018;IMPLANTAÇÃO DOS SERVIÇOS DE MÉDIA COMPLEXIDADE
1020;ORDENAMENTO E DESENVOLVIMENTO URBANO SUSTENTAVEL
1021;MOBILIDADE URBANA
1022;CIDADE INCANDESCENTE
1023;VIVA A PRAÇA
1024;ÁGUA E ESGOTO
1025;SISTEMA DE INSPEÇÃO MUNICIPAL - SIM
1026;SUSTENTABILIDADE AMBIENT.E GEST.DE RESIDUOS SÓLIDO
1027;FORTALECIMENTO DA AGRICULTURA FAMILIAR
1028;COMBATE AOS EFEITOS DA SECA
1030;EVENTOS COMEMORATIVOS E FOMENTO AO TURISMO
1031;CENTRO DE REFERENCIA DA ASSISTÊNCIA SOCIAL - CRAS
1032;SERV.DE CONVIV.E FORTALECIMENTO DE VINCULOS SCFV
1035;ATENDIMENTO, PROCESSAMENTO E FISCALIZAÇÃO DOS DIRE
2001;APOIO ADMINISTRATIVO
2002;ASSISTENCIA PREVIDENCIARIA
5000;PROGRAMA DE ATENDIMENTO A PRIMEIRA INFÂNCIA
9000;RESERVA DE CONTINGENCIA
