natureza;descricao;fonte;valor;deducao;tipo_deducao;natureza_lei
11125001;Imposto sobre a Propriedade Predial e Territorial Urbana - Principal;500;1313100.00;0.00;;1.1.1.2.50.0.1.00
11125301;"Impostos sobre Transmissão ""Inter Vivos"" de Bens Imóveis e de Direitos Reais sobre Imóveis - Principal";500;689500.00;0.00;;1.1.1.2.53.0.1.00
11130101;ImpostoImposto sobre a Renda de Pessoa Física - IRPF - Principal;500;4528920.00;0.00;;1.1.1.3.01.0.1.00
11145111;Imposto sobre Serviços de Qualquer Natureza - ISSQN - Principal;500;4383500.00;0.00;;1.1.1.4.51.1.1.00
11210101;Taxas de Inspeção, Controle e Fiscalização - Principal;500;334607.60;0.00;;1.1.2.1.01.0.1.00
11220101;Taxas pela Prestação de Serviços em Geral - Principal;500;467500.00;0.00;;1.1.2.2.01.0.1.00
12150111;Contribuição do Servidor Civil Ativo - Principal;800;4273500.00;0.00;;1.2.1.5.01.1.1.00
12415001;Contribuição para o Custeio do Serviço de Iluminação Pública - Principal;751;1320000.00;0.00;;1.2.4.1.50.0.1.00
13210401;Remuneração dos Recursos do Regime Próprio de Previdência Social - RPPS - Principal;800;165000.00;0.00;;1.3.2.1.04.0.1.00
17115111;Cota-Parte do Fundo de Participação dos Municípios - Cota Mensal - Principal;500;50737500.00;10147500.00;3;1.7.1.1.51.1.1.00
17115121;Cota-Parte do Fundo de Participação do Municípios ? 1% Cota entregue no mês de dezembro - Principal;500;2533000.00;0.00;;1.7.1.1.51.2.1.00
17115121;Cota-Parte do Fundo de Participação dos Municípios 1% de Setembro - Principal;500;2100000.00;0.00;;1.7.1.1.51.2.1.02
17115131;Cota-Parte do Fundo de Participação dos Municípios - 1% Cota entregue no mês de julho - Principal;500;2533000.00;0.00;;1.7.1.1.51.3.1.00
17115201;Cota-Parte do Imposto Sobre a Propriedade Territorial Rural - Principal;500;55500.00;0.00;;1.7.1.1.52.0.1.00
17135011;Transferências de Recursos do Bloco de Manutenção das Ações e Serviços Públicos de Saúde ? Atenção Primária - Principal;600;21834863.49;0.00;;1.7.1.3.50.1.1.00
17135011;Transferências de Recursos do Bloco de Manutenção das Ações e Serviços Públicos de Saúde ? Atenção Primária - Principal;605;1403050.00;0.00;;1.7.1.3.50.1.1.00
17135011;Transf. SUS Agente Comunitário de Saúde - ACS;604;2735500.00;0.00;;1.7.1.3.50.1.1.02
17135021;Transferências de Recursos do Bloco de Manutenção das Ações e Serviços Públicos de Saúde – Atenção Especializada - Principal;600;8679576.51;0.00;;1.7.1.3.50.2.1.00
17135021;Transf. SUS Agentes de combate a endemias - ACE;604;350000.00;0.00;;1.7.1.3.50.2.1.02
17135031;Transf. Recursos BL Manutenção - Vigilância Sanitária;601;316800.00;0.00;;1.7.1.3.50.3.1.00
17145001;Transferências do Salário-Educação - Principal;550;2571800.00;0.00;;1.7.1.4.50.0.1.00
17145101;Transferências Diretas do FNDE referentes ao Programa Dinheiro Direto na Escola – PDDE - Principal;551;11000.00;0.00;;1.7.1.4.51.0.1.00
17145201;Transferências referentes ao Programa Nacional de Alimentação Escolar ? PNAE - Principal;552;1695100.00;0.00;;1.7.1.4.52.0.1.00
17145301;Transferências referentes ao Programa Nacional de Apoio ao Transporte do Escolar ? PNATE - Principal;553;335500.00;0.00;;1.7.1.4.53.0.1.00
17149901;Outras Transferências Diretas do Fundo Nacional do Desenvolvimento da Educação - FNDE - Principal;569;352000.00;0.00;;1.7.1.4.99.0.1.00
17155001;Transferências de Recursos de Complementação da União ao Fundeb ? VAAT - Principal;542;22691900.00;0.00;;1.7.1.5.50.0.1.00
17155101;TRANSF. REC. COMPLEMENT.UNIAO VAAF - PRINCIPAL;541;11267300.00;0.00;;1.7.1.5.51.0.1.00
17155201;TRANSF. REC. COMPLEMENT.UNIAO VAAR - PRINCIPAL;543;700000.00;0.00;;1.7.1.5.52.0.1.00
17165001;Transferências de Recursos do Fundo Nacional de Assistência Social ? FNAS - Principal;660;2081530.00;0.00;;1.7.1.6.50.0.1.00
17165001;Transferências de Recursos do Fundo Nacional de Assistência Social ? FNAS - Principal;669;50050.00;0.00;;1.7.1.6.50.0.1.00
17195101;Transferências Financeiras do ICMS ? Desoneração ? L.C. Nº 87/96 - Principal;500;12100.00;0.00;;1.7.1.9.51.0.1.00
17195701;Transferência Especial da União - Emenda Especial;706;550000.00;0.00;;1.7.1.9.57.0.1.01
17196001;Transferências da Política Nacional Aldir Blanc de Fomento à Cultura - Lei nº 14.399/2022 - Principal;715;0.00;0.00;;1.7.1.9.60.0.1.00
17196001;Transferências da Política Nacional Aldir Blanc de Fomento à Cultura - Lei nº 14.399/2022 - Principal;716;0.00;0.00;;1.7.1.9.60.0.1.00
17196001;Transferências da Política Nacional Aldir Blanc de Fomento à Cultura - Lei nº 14.399/2022 - Principal;719;70400.00;0.00;;1.7.1.9.60.0.1.00
17199901;Outras Transferências de Recursos da União e de suas Entidades - Principal;500;798600.00;0.00;;1.7.1.9.99.0.1.00
17199901;TRANSFERENCIA DA UNIAO - LEI PAULO GUSTAVO - ART 5º;715;0.00;0.00;;1.7.1.9.99.0.1.02
17199901;TRANSFERENCIA DA UNIAO - LEI PAULO GUSTAVO - ART 8º;716;0.00;0.00;;1.7.1.9.99.0.1.04
17215001;Cota-Parte do ICMS - Principal;500;14702600.00;2940300.00;3;1.7.2.1.50.0.1.00
17215101;Cota-Parte do IPVA - Principal;500;2141700.00;427900.00;3;1.7.2.1.51.0.1.00
17215201;Cota-Parte do IPI - Municípios - Principal;500;7700.00;1540.00;3;1.7.2.1.52.0.1.00
17215301;Cota-Parte da Contribuição de Intervenção no Domínio Econômico - Principal;750;38500.00;0.00;;1.7.2.1.53.0.1.00
17235001;Transferências de Recursos do Sistema Único de Saúde ? SUS - Principal;621;656260.00;0.00;;1.7.2.3.50.0.1.00
17245101;Transferências de Convênios dos Estados Destinadas a Programas de Educação - Principal;570;165000.00;0.00;;1.7.2.4.51.0.1.00
17245101;Transferências de Convênios dos Estados Destinadas a Programas de Educação - Principal;571;167200.00;0.00;;1.7.2.4.51.0.1.00
17249901;Outras Transferências de Convênio dos Estados e DF e suas Entiades;701;220000.00;0.00;;1.7.2.4.99.0.1.00
17419901;Outras Transferências de Instituições Privadas;500;55000.00;0.00;;1.7.4.1.99.0.1.00
17515001;Transferências de Recursos do Fundo de Manutenção e Desenvolvimento da Educação Básica e de Valorização dos Profissionai;540;50275516.50;0.00;;1.7.5.1.50.0.1.00
19110101;Multa por Infração de Trânsito Municipal;500;55000.00;0.00;;1.9.1.1.01.0.1.01
19110401;Multas Previst.na Legislação s/Defesa dos Direitos;500;14300.00;0.00;;1.9.1.1.04.0.1.00
19220301;RESTITUIÇOES BENEFICIOS PREVIDENCIARIOS;800;11000.00;0.00;;1.9.2.2.03.0.1.00
19221201;RESTITUIÇÃO DE DEPOSITOS DE SENTENÇAS JUDICIAIS N SACADOS;800;24200.00;0.00;;1.9.2.2.12.0.1.00
19229901;Outras Restituições - Principal;500;12100.00;0.00;;1.9.2.2.99.0.1.00
19229901;Outras Restituições - Principal;800;16500.00;0.00;;1.9.2.2.99.0.1.00
19990301;Compensações Financeiras entre o Regime Geral e os Regimes Próprios de Previdência e Sistema de Proteção Social - Princi;800;334400.00;0.00;;1.9.9.9.03.0.1.00
24145001;Transferências de Convênios da União para o Sistema Único de Saúde ? SUS - Principal;631;740300.00;0.00;;2.4.1.4.50.0.1.00
24149901;Outras Transferências de Convênios da União e de Suas Entidades - Principal;700;1379465.90;0.00;;2.4.1.4.99.0.1.00
24149901;Outras Transferências de Convênios da União e de Suas Entidades - Principal;701;1260600.00;0.00;;2.4.1.4.99.0.1.00
24181091;Outras Transferências de Convênios da União - Principal;899;1054900.00;0.00;;2.4.1.8.10.9.1.00
24225101;Transferências de Convênios dos Estados destinadas a Programas de Educação - Principal;570;1503700.00;0.00;;2.4.2.2.51.0.1.00
24225101;Transferências de Convênios dos Estados destinadas a Programas de Educação - Principal;571;1591700.00;0.00;;2.4.2.2.51.0.1.00
24225101;Transferências de Convênios dos Estados destinadas a Programas de Educação - Principal;632;1628000.00;0.00;;2.4.2.2.51.0.1.00
24229901;Outras Transferências de Convênios dos Estados e DF e de Suas Entidades - Principal;575;58300.00;0.00;;2.4.2.2.99.0.1.00
24299901;Outras Transferências de Recursos dos Estados - Principal;710;550000.00;0.00;;2.4.2.9.99.0.1.00
72150211;Contribuição Patronal - Servidor Civil Ativo - Principal;800;24677400.00;0.00;;7.2.1.5.02.1.1.00
72150211;Contribuição Patronal - Servidor Civil Ativo - Principal;802;1234200.00;0.00;;7.2.1.5.02.1.1.00
